postal_code,lat,lng
M9A0A3,38.6752399,-0.8099623
M9A0A4,38.6752399,-0.8099623
M9A0A5,37.6056575,-82.3243095
M9A0A6,37.6056575,-82.3243095
M9A0B2,37.6056575,-82.3243095
M9A0B5,37.6056575,-82.3243095
M9A1A3,37.6056575,-82.3243095
M9A1A4,37.6056575,-82.3243095
M9A1A6,37.6056575,-82.3243095
M9A1A7,37.6056575,-82.3243095
M9A1A9,43.6526355,-79.5257587
M9A1B2,43.6497026,-79.5275574
M9A1B3,37.6056575,-82.3243095
M9A1B5,43.6492326,-79.5286509
M9A1B6,43.6477384,-79.5293354
M9A1B7,37.6056575,-82.3243095
M9A1B8,43.646776,-79.5307897
M9A1B9,37.6056575,-82.3243095
M9A1C1,43.6443757,-79.5324744
M9A1C2,43.6444128,-79.5331393
M9A1C3,37.6056575,-82.3243095
M9A1C4,43.6430653,-79.5343007
M9A1C5,37.6056575,-82.3243095
M9A1C6,37.6056575,-82.3243095
M9A1C7,37.6056575,-82.3243095
M9A1C8,37.6056575,-82.3243095
M9A1C9,37.6056575,-82.3243095
M9A1E1,37.6056575,-82.3243095
M9A1E2,37.6056575,-82.3243095
M9A1E3,37.6056575,-82.3243095
M9A1E5,37.6056575,-82.3243095
M9A1E6,37.6056575,-82.3243095
M9A1E7,37.6056575,-82.3243095
M9A1E8,37.6056575,-82.3243095
M9A1E9,37.6056575,-82.3243095
M9A1G1,37.6056575,-82.3243095
M9A1G2,37.6056575,-82.3243095
M9A1G3,37.6056575,-82.3243095
M9A1G4,37.6056575,-82.3243095
M9A1G5,37.6056575,-82.3243095
M9A1G6,37.6056575,-82.3243095
M9A1G7,37.6056575,-82.3243095
M9A1G8,37.6056575,-82.3243095
M9A1H1,37.6056575,-82.3243095
M9A1H2,37.6056575,-82.3243095
M9A1H3,37.6056575,-82.3243095
M9A1H4,37.6056575,-82.3243095
M9A1H5,37.6056575,-82.3243095
M9A1H6,37.6056575,-82.3243095
M9A1H7,37.6056575,-82.3243095
M9A1H8,37.6056575,-82.3243095
M9A1H9,37.6056575,-82.3243095
M9A1J1,37.6056575,-82.3243095
M9A1J3,37.6056575,-82.3243095
M9A1J4,37.6056575,-82.3243095
M9A1J5,37.6056575,-82.3243095
M9A1J6,37.6056575,-82.3243095
M9A1J7,37.6056575,-82.3243095
M9A1J8,37.6056575,-82.3243095
M9A1J9,37.6056575,-82.3243095
M9A1K1,37.6056575,-82.3243095
M9A1K2,37.6056575,-82.3243095
M9A1K3,37.6056575,-82.3243095
M9A1K4,37.6056575,-82.3243095
M9A1K5,37.6056575,-82.3243095
M9A1K6,37.6056575,-82.3243095
M9A1K7,37.6056575,-82.3243095
M9A1K8,37.6056575,-82.3243095
M9A1K9,37.6056575,-82.3243095
M9A1L1,37.6056575,-82.3243095
M9A1L2,37.6056575,-82.3243095
M9A1L3,37.6056575,-82.3243095
M9A1L4,37.6056575,-82.3243095
M9A1L5,37.6056575,-82.3243095
M9A1L6,37.6056575,-82.3243095
M9A1L7,37.6056575,-82.3243095
M9A1L8,37.6056575,-82.3243095
M9A1L9,43.6383789,-79.5387868
M9A1M1,37.6056575,-82.3243095
M9A1M2,37.6056575,-82.3243095
M9A1M3,37.6056575,-82.3243095
M9A1M4,37.6056575,-82.3243095
M9A1M5,37.6056575,-82.3243095
M9A1M6,37.6056575,-82.3243095
M9A1M7,37.6056575,-82.3243095
M9A1M8,37.6056575,-82.3243095
M9A1M9,37.6056575,-82.3243095
M9A1N1,37.6056575,-82.3243095
M9A1N2,37.6056575,-82.3243095
M9A1N3,37.6056575,-82.3243095
M9A1N4,43.6576181,-79.5399292
M9A1N5,37.6056575,-82.3243095
M9A1N6,37.6056575,-82.3243095
M9A1N7,37.6056575,-82.3243095
M9A1N8,37.6056575,-82.3243095
M9A1N9,37.6056575,-82.3243095
M9A1P1,37.6056575,-82.3243095
M9A1P2,37.6056575,-82.3243095
M9A1P3,37.6056575,-82.3243095
M9A1P4,43.6599112,-79.5353224
M9A1P5,37.6056575,-82.3243095
M9A1P6,37.6056575,-82.3243095
M9A1P7,37.6056575,-82.3243095
M9A1P8,37.6056575,-82.3243095
M9A1P9,37.6056575,-82.3243095
M9A1R1,37.6056575,-82.3243095
M9A1R2,37.6056575,-82.3243095
M9A1R3,37.6056575,-82.3243095
M9A1R4,37.6056575,-82.3243095
M9A1R5,37.6056575,-82.3243095
M9A1R6,37.6056575,-82.3243095
M9A1R7,37.6056575,-82.3243095
M9A1R8,37.6056575,-82.3243095
M9A1R9,37.6056575,-82.3243095
M9A1S1,37.6056575,-82.3243095
M9A1S2,37.6056575,-82.3243095
M9A1S3,37.6056575,-82.3243095
M9A1S7,37.6056575,-82.3243095
M9A1S8,37.6056575,-82.3243095
M9A1S9,37.6056575,-82.3243095
M9A1T1,37.6056575,-82.3243095
M9A1T2,37.6056575,-82.3243095
M9A1T3,37.6056575,-82.3243095
M9A1T4,37.6056575,-82.3243095
M9A1T5,37.6056575,-82.3243095
M9A1T6,37.6056575,-82.3243095
M9A1T7,37.6056575,-82.3243095
M9A1T8,37.6056575,-82.3243095
M9A1T9,37.6056575,-82.3243095
M9A1V1,37.6056575,-82.3243095
M9A1V2,37.6056575,-82.3243095
M9A1V3,37.6056575,-82.3243095
M9A1V4,37.6056575,-82.3243095
M9A1V5,37.6056575,-82.3243095
M9A1V6,37.6056575,-82.3243095
M9A1V7,37.6056575,-82.3243095
M9A1V8,37.6056575,-82.3243095
M9A1V9,37.6056575,-82.3243095
M9A1W1,37.6056575,-82.3243095
M9A1W2,37.6056575,-82.3243095
M9A1W3,37.6056575,-82.3243095
M9A1W4,37.6056575,-82.3243095
M9A1W5,37.6056575,-82.3243095
M9A1W7,37.6056575,-82.3243095
M9A1W8,37.6056575,-82.3243095
M9A1W9,37.6056575,-82.3243095
M9A1X1,37.6056575,-82.3243095
M9A1X2,37.6056575,-82.3243095
M9A1X3,37.6056575,-82.3243095
M9A1X4,37.6056575,-82.3243095
M9A1X5,37.6056575,-82.3243095
M9A1X6,37.6056575,-82.3243095
M9A1X7,37.6056575,-82.3243095
M9A1X8,37.6056575,-82.3243095
M9A1X9,37.6056575,-82.3243095
M9A1Y1,37.6056575,-82.3243095
M9A1Y2,37.6056575,-82.3243095
M9A1Y3,37.6056575,-82.3243095
M9A1Y4,37.6056575,-82.3243095
M9A1Y5,37.6056575,-82.3243095
M9A1Y6,37.6056575,-82.3243095
M9A1Y8,37.6056575,-82.3243095
M9A1Y9,37.6056575,-82.3243095
M9A1Z1,37.6056575,-82.3243095
M9A1Z2,37.6056575,-82.3243095
M9A1Z3,37.6056575,-82.3243095
M9A1Z4,37.6056575,-82.3243095
M9A1Z5,37.6056575,-82.3243095
M9A1Z6,37.6056575,-82.3243095
M9A1Z7,37.6056575,-82.3243095
M9A1Z8,37.6056575,-82.3243095
M9A1Z9,37.6056575,-82.3243095
M9A2A1,37.6056575,-82.3243095
M9A2A2,37.6056575,-82.3243095
M9A2A3,37.6056575,-82.3243095
M9A2A4,37.6056575,-82.3243095
M9A2A5,37.6056575,-82.3243095
M9A2A6,37.6056575,-82.3243095
M9A2A7,37.6056575,-82.3243095
M9A2A8,37.6056575,-82.3243095
M9A2A9,37.6056575,-82.3243095
M9A2B1,37.6056575,-82.3243095
M9A2B2,37.6056575,-82.3243095
M9A2B3,37.6056575,-82.3243095
M9A2B4,37.6056575,-82.3243095
M9A2B5,37.6056575,-82.3243095
M9A2B6,37.6056575,-82.3243095
M9A2B7,37.6056575,-82.3243095
M9A2B8,37.6056575,-82.3243095
M9A2B9,37.6056575,-82.3243095
M9A2C1,37.6056575,-82.3243095
M9A2C2,37.6056575,-82.3243095
M9A2C3,37.6056575,-82.3243095
M9A2C4,37.6056575,-82.3243095
M9A2C5,37.6056575,-82.3243095
M9A2C6,37.6056575,-82.3243095
M9A2C7,37.6056575,-82.3243095
M9A2C8,37.6056575,-82.3243095
M9A2C9,37.6056575,-82.3243095
M9A2E1,37.6056575,-82.3243095
M9A2E2,37.6056575,-82.3243095
M9A2E3,37.6056575,-82.3243095
M9A2E5,37.6056575,-82.3243095
M9A2E6,37.6056575,-82.3243095
M9A2E7,37.6056575,-82.3243095
M9A2E8,37.6056575,-82.3243095
M9A2E9,37.6056575,-82.3243095
M9A2G1,37.6056575,-82.3243095
M9A2G2,37.6056575,-82.3243095
M9A2G3,37.6056575,-82.3243095
M9A2G4,37.6056575,-82.3243095
M9A2G5,37.6056575,-82.3243095
M9A2G6,37.6056575,-82.3243095
M9A2G7,37.6056575,-82.3243095
M9A2G8,37.6056575,-82.3243095
M9A2G9,43.647785,-79.5334912
M9A2H1,37.6056575,-82.3243095
M9A2H2,37.6056575,-82.3243095
M9A2H3,37.6056575,-82.3243095
M9A2H4,37.6056575,-82.3243095
M9A2H5,43.6469337,-79.5261284
M9A2H8,37.6056575,-82.3243095
M9A2J2,37.6056575,-82.3243095
M9A2J4,37.6056575,-82.3243095
M9A2J6,37.6056575,-82.3243095
M9A2J7,37.6056575,-82.3243095
M9A2J8,37.6056575,-82.3243095
M9A2J9,43.6602434,-79.5354491
M9A2K1,37.6056575,-82.3243095
M9A2K2,37.6056575,-82.3243095
M9A2K3,37.6056575,-82.3243095
M9A2K4,37.6056575,-82.3243095
M9A2K5,37.6056575,-82.3243095
M9A2K6,37.6056575,-82.3243095
M9A2K8,37.6056575,-82.3243095
M9A2K9,37.6056575,-82.3243095
M9A2L1,37.6056575,-82.3243095
M9A2L2,37.6056575,-82.3243095
M9A2L3,37.6056575,-82.3243095
M9A2L4,37.6056575,-82.3243095
M9A2L5,37.6056575,-82.3243095
M9A2L6,37.6056575,-82.3243095
M9A2L7,37.6056575,-82.3243095
M9A2L8,37.6056575,-82.3243095
M9A2L9,37.6056575,-82.3243095
M9A2M1,37.6056575,-82.3243095
M9A2M2,37.6056575,-82.3243095
M9A2M3,37.6056575,-82.3243095
M9A2M4,37.6056575,-82.3243095
M9A2M5,37.6056575,-82.3243095
M9A2M6,37.6056575,-82.3243095
M9A2M7,37.6056575,-82.3243095
M9A2M8,37.6056575,-82.3243095
M9A2M9,37.6056575,-82.3243095
M9A2N1,37.6056575,-82.3243095
M9A2N2,37.6056575,-82.3243095
M9A2N4,37.6056575,-82.3243095
M9A2N5,37.6056575,-82.3243095
M9A2N6,37.6056575,-82.3243095
M9A2N7,37.6056575,-82.3243095
M9A2N8,37.6056575,-82.3243095
M9A2N9,37.6056575,-82.3243095
M9A2P1,37.6056575,-82.3243095
M9A2P2,37.6056575,-82.3243095
M9A2P3,37.6056575,-82.3243095
M9A2P4,37.6056575,-82.3243095
M9A2P5,37.6056575,-82.3243095
M9A2P6,37.6056575,-82.3243095
M9A2P8,37.6056575,-82.3243095
M9A2P9,37.6056575,-82.3243095
M9A2R1,37.6056575,-82.3243095
M9A2R2,37.6056575,-82.3243095
M9A2R4,37.6056575,-82.3243095
M9A2R5,37.6056575,-82.3243095
M9A2R6,37.6056575,-82.3243095
M9A2R7,37.6056575,-82.3243095
M9A2R8,37.6056575,-82.3243095
M9A2R9,37.6056575,-82.3243095
M9A2S1,37.6056575,-82.3243095
M9A2S2,37.6056575,-82.3243095
M9A2S3,37.6056575,-82.3243095
M9A2S4,37.6056575,-82.3243095
M9A2S5,37.6056575,-82.3243095
M9A2S7,37.6056575,-82.3243095
M9A2S8,37.6056575,-82.3243095
M9A2S9,37.6056575,-82.3243095
M9A2T1,37.6056575,-82.3243095
M9A2T2,37.6056575,-82.3243095
M9A2T3,37.6056575,-82.3243095
M9A2T4,37.6056575,-82.3243095
M9A2T5,37.6056575,-82.3243095
M9A2T6,37.6056575,-82.3243095
M9A2T7,37.6056575,-82.3243095
M9A2T8,37.6056575,-82.3243095
M9A2T9,37.6056575,-82.3243095
M9A2V1,37.6056575,-82.3243095
M9A2V2,37.6056575,-82.3243095
M9A2V4,37.6056575,-82.3243095
M9A2V5,37.6056575,-82.3243095
M9A2V6,37.6056575,-82.3243095
